{"graph_0": {"_type": "graph-file", "path": "media/graph/graph_0_summary_2d6e6580.graph.json", "sha256": "2d6e65807c108042fca66af38aec982e48e1fa96f375d88bc288856b8d6e5c49", "size": 1041}, "_runtime": 3.6173062324523926, "loss": 3.609224796295166, "_step": 6, "_timestamp": 1592156738.0404527, "Train perplexity": 38.021650914451655, "Validation perplexity": 34.734481254273426, "Test perplexity": 34.747980629962385, "Number of parameters": 17259, "Trainable Parameters": 17259, "Non-Trainable Parameters": 0}
