{"graph_0": {"_type": "graph-file", "path": "media/graph/graph_0_summary_6fbc1d98.graph.json", "sha256": "6fbc1d987863abbc04edb8b28b874c3c4c4b6eb68d308d940729516a11b4cb84", "size": 1040}, "_timestamp": 1592179917.6253505, "_runtime": 3.341958522796631, "loss": 3.6972036361694336, "_step": 6, "Train perplexity": 37.57926763318507, "Validation perplexity": 33.41019505966069, "Test perplexity": 34.24312960252219, "Number of parameters": 17259, "Trainable Parameters": 17259, "Non-Trainable Parameters": 0}
