{"graph_0": {"_type": "graph-file", "path": "media/graph/graph_0_summary_940515a0.graph.json", "sha256": "940515a03a937f584b0f973cb50ee03c2d6128f37b10813a9643cab352ea090e", "size": 1040}, "_timestamp": 1592188873.421378, "_step": 6, "loss": 3.6972036361694336, "_runtime": 3.767799139022827, "Train perplexity": 37.57926763318507, "Validation perplexity": 33.41019505966069, "Test perplexity": 34.24312960252219, "Number of parameters": 17259, "Trainable Parameters": 17259, "Non-Trainable Parameters": 0}
