{"graph_0": {"_type": "graph-file", "path": "media/graph/graph_0_summary_edf12cc6.graph.json", "sha256": "edf12cc6e6277d4cec3577e3a82575f53f6b537f4d7b37e6f72afc89b4a08398", "size": 1041}, "_timestamp": 1592189449.9070368, "loss": 3.609224796295166, "_runtime": 3.341484308242798, "_step": 6, "Train perplexity": 38.021650914451655, "Validation perplexity": 34.734481254273426, "Test perplexity": 34.747980629962385, "Number of parameters": 17259, "Trainable Parameters": 17259, "Non-Trainable Parameters": 0}
