{"graph_0": {"_type": "graph-file", "path": "media/graph/graph_0_summary_bc63bd56.graph.json", "sha256": "bc63bd56dbde3c0f99a685a05ec5e5488efef7ca3734d541d38e72c50aa35366", "size": 1041}, "_timestamp": 1592155739.415558, "_step": 6, "loss": 3.609224796295166, "_runtime": 3.4338600635528564, "Train perplexity": 38.021650914451655, "Validation perplexity": 34.734481254273426, "Test perplexity": 34.747980629962385, "Number of parameters": 17259, "Trainable Parameters": 17259, "Non-Trainable Parameters": 0}
