{"graph_0": {"_type": "graph-file", "path": "media/graph/graph_0_summary_12c4a1ed.graph.json", "sha256": "12c4a1ed427297d09514d9ea9fc382c6091333cfa3e7e308b56c9494dd3e2d70", "size": 1041}, "_timestamp": 1592158036.2837274, "_step": 6, "loss": 3.6586506366729736, "_runtime": 3.3420732021331787, "Train perplexity": 38.77892652897448, "Validation perplexity": 36.257422580087415, "Test perplexity": 36.23300017190206, "Number of parameters": 17259, "Trainable Parameters": 17259, "Non-Trainable Parameters": 0}
