{"graph_0": {"_type": "graph-file", "path": "media/graph/graph_0_summary_9e6b2a93.graph.json", "sha256": "9e6b2a93e43b845f33fb298d9cd12d17fba18cbbb45c5bd2e37a6f62f62d2470", "size": 1041}, "_step": 6, "loss": 3.6769063472747803, "_timestamp": 1592154362.3578918, "_runtime": 3.4136881828308105, "Train perplexity": 40.06754754783978, "Validation perplexity": 36.92653099127048, "Test perplexity": 37.02721914781875, "Number of parameters": 17381, "Trainable Parameters": 17381, "Non-Trainable Parameters": 0}
