{"graph_0": {"_type": "graph-file", "path": "media/graph/graph_0_summary_461baec5.graph.json", "sha256": "461baec56b3681739fbf4606899fdd5f299f4e6bb525c76f6fc76bae8e744880", "size": 1041}, "_timestamp": 1592148419.9168017, "_runtime": 3.8430018424987793, "loss": 3.618637800216675, "_step": 6, "Train perplexity": 38.08570797114628, "Validation perplexity": 35.08533671490517, "Test perplexity": 35.86014067310004, "Number of parameters": 17259, "Trainable Parameters": 17259, "Non-Trainable Parameters": 0}
