{"graph_0": {"_type": "graph-file", "path": "media/graph/graph_0_summary_0375fcae.graph.json", "sha256": "0375fcaeffe99e53a7c991d24e526c60ddb625844d7ddb7b7e146af414ba9783", "size": 1041}, "_runtime": 3.2972590923309326, "_timestamp": 1592157823.2348745, "_step": 6, "loss": 3.6586506366729736, "Train perplexity": 38.77892652897448, "Validation perplexity": 36.257422580087415, "Test perplexity": 36.23300017190206, "Number of parameters": 17259, "Trainable Parameters": 17259, "Non-Trainable Parameters": 0}
