{"graph_0": {"_type": "graph-file", "path": "media/graph/graph_0_summary_ef1b49ee.graph.json", "sha256": "ef1b49ee0b0fef019e7829f312424c914a1b67bda4ad721206e235675859a69a", "size": 1041}, "_timestamp": 1592160765.6647565, "loss": 3.6586506366729736, "_step": 6, "_runtime": 3.349071979522705, "Train perplexity": 38.70868655012809, "Validation perplexity": 36.44655971110582, "Test perplexity": 36.4186687679182, "Number of parameters": 17259, "Trainable Parameters": 17259, "Non-Trainable Parameters": 0}
