{"graph_0": {"_type": "graph-file", "path": "media/graph/graph_0_summary_b1858957.graph.json", "sha256": "b18589579d8ba3072a83c94f6ce87cc5f836dc69a5c8db195ca3f41c4a11258c", "size": 1041}, "_runtime": 3.425058603286743, "loss": 3.618637800216675, "_timestamp": 1592148848.4867365, "_step": 6, "Train perplexity": 38.08570797114628, "Validation perplexity": 35.08533671490517, "Test perplexity": 35.86014067310004, "Number of parameters": 17259, "Trainable Parameters": 17259, "Non-Trainable Parameters": 0}
