{"graph_0": {"_type": "graph-file", "path": "media/graph/graph_0_summary_87ca2820.graph.json", "sha256": "87ca2820a5e5b43a7a74a1198500741a824776ad2008fab4b06ca5549f4ae950", "size": 1040}, "_runtime": 3.404240369796753, "_timestamp": 1592182602.2001073, "_step": 6, "loss": 3.6972036361694336, "Train perplexity": 37.57926763318507, "Validation perplexity": 33.41019505966069, "Test perplexity": 34.24312960252219, "Number of parameters": 17259, "Trainable Parameters": 17259, "Non-Trainable Parameters": 0}
