{"graph_0": {"_type": "graph-file", "path": "media/graph/graph_0_summary_4f226b48.graph.json", "sha256": "4f226b48cea22a412cdb763e2707800c17017856a274b1b6ac6ee54d232831aa", "size": 1041}, "loss": 3.6586506366729736, "_runtime": 4.09674334526062, "_step": 6, "_timestamp": 1592179424.7938907, "Train perplexity": 38.70868655012809, "Validation perplexity": 36.44655971110582, "Test perplexity": 36.4186687679182, "Number of parameters": 17259, "Trainable Parameters": 17259, "Non-Trainable Parameters": 0}
