{"graph_0": {"_type": "graph-file", "path": "media/graph/graph_0_summary_a14f1bb9.graph.json", "sha256": "a14f1bb9f568f0078ef9feec8ba15548db738ac7ffcf9ace0c78d24e5708f620", "size": 1040}, "loss": 3.6972036361694336, "_timestamp": 1592180023.6416845, "_step": 6, "_runtime": 3.3881490230560303, "Train perplexity": 37.587366860314276, "Validation perplexity": 34.323750909824575, "Test perplexity": 35.02288655301217, "Number of parameters": 17259, "Trainable Parameters": 17259, "Non-Trainable Parameters": 0}
