{"graph_0": {"_type": "graph-file", "path": "media/graph/graph_0_summary_eb1355e4.graph.json", "sha256": "eb1355e45f00354efd0c932937d50f971787658ced8e1b03d581fc19c1a878bd", "size": 1040}, "_runtime": 3.9739184379577637, "loss": 3.6972036361694336, "_step": 6, "_timestamp": 1592180607.2850606, "Train perplexity": 37.57926763318507, "Validation perplexity": 33.41019505966069, "Test perplexity": 34.24312960252219, "Number of parameters": 17259, "Trainable Parameters": 17259, "Non-Trainable Parameters": 0}
