{"graph_0": {"_type": "graph-file", "path": "media/graph/graph_0_summary_1195c375.graph.json", "sha256": "1195c3754ac811b753f678194ecaeebb8b64713f58a5b411afb07e76ba90f619", "size": 1040}, "_runtime": 3.435323476791382, "_step": 6, "loss": 3.6972036361694336, "_timestamp": 1592184353.1336293, "Train perplexity": 37.57926763318507, "Validation perplexity": 33.41019505966069, "Test perplexity": 34.24312960252219, "Number of parameters": 17259, "Trainable Parameters": 17259, "Non-Trainable Parameters": 0}
