{"graph_0": {"_type": "graph-file", "path": "media/graph/graph_0_summary_088495ff.graph.json", "sha256": "088495ff5de361a09cb682be3ddd657eba523b63384858e44aee7dc6f50cfd01", "size": 1041}, "loss": 3.609224796295166, "_runtime": 3.496229648590088, "_step": 6, "_timestamp": 1592156382.059833, "Train perplexity": 38.021650914451655, "Validation perplexity": 34.734481254273426, "Test perplexity": 34.747980629962385, "Number of parameters": 17259, "Trainable Parameters": 17259, "Non-Trainable Parameters": 0}
