{"graph_0": {"_type": "graph-file", "path": "media/graph/graph_0_summary_d04fc713.graph.json", "sha256": "d04fc713c37fe4d64a34dea3e96fc01cda0aa0a0e9ccf1366b1c251d0e17bb46", "size": 1040}, "_runtime": 3.484956741333008, "Train perplexity": 39.47903322046742, "_timestamp": 1592146459.981227, "_step": 5, "Validation perplexity": 34.157268554505244, "Test perplexity": 34.85568294179794, "Number of parameters": 17381, "Trainable Parameters": 17381, "Non-Trainable Parameters": 0}
