{"graph_0": {"_type": "graph-file", "path": "media/graph/graph_0_summary_6093b56c.graph.json", "sha256": "6093b56c57dec2f48f9fe422421591b4de2bd47f17bf9ad1dde42e214e50fc58", "size": 1041}, "_timestamp": 1592157400.0052874, "_runtime": 3.391813039779663, "_step": 6, "loss": 3.609224796295166, "Train perplexity": 38.021650914451655, "Validation perplexity": 34.734481254273426, "Test perplexity": 34.747980629962385, "Number of parameters": 17259, "Trainable Parameters": 17259, "Non-Trainable Parameters": 0}
