{"graph_0": {"_type": "graph-file", "path": "media/graph/graph_0_summary_1300021b.graph.json", "sha256": "1300021b5e04e703d80220cafc9e1d96712f7a8f8f1aa141a0407fc083bf3d10", "size": 1041}, "loss": 3.609224796295166, "_timestamp": 1592157259.3691149, "_step": 6, "_runtime": 3.2942328453063965, "Train perplexity": 38.021650914451655, "Validation perplexity": 34.734481254273426, "Test perplexity": 34.747980629962385, "Number of parameters": 17259, "Trainable Parameters": 17259, "Non-Trainable Parameters": 0}
