{"graph_0": {"_type": "graph-file", "path": "media/graph/graph_0_summary_a98fd23b.graph.json", "sha256": "a98fd23b6dced06324dbf628acb408845a3fa966ecf5a5cf6680a5a9d85cf538", "size": 1040}, "_runtime": 3.5820469856262207, "_timestamp": 1592185399.0061347, "loss": 3.6972036361694336, "_step": 6, "Train perplexity": 37.57926763318507, "Validation perplexity": 33.41019505966069, "Test perplexity": 34.24312960252219, "Number of parameters": 17259, "Trainable Parameters": 17259, "Non-Trainable Parameters": 0}
