{"graph_0": {"_type": "graph-file", "path": "media/graph/graph_0_summary_341969f0.graph.json", "sha256": "341969f0196f9c1078197dd94154ead9c456fa3e5a43654bd8bf7d7139ca389b", "size": 1041}, "_step": 6, "_timestamp": 1592157767.59998, "_runtime": 3.297161817550659, "loss": 3.6586506366729736, "Train perplexity": 38.77892652897448, "Validation perplexity": 36.257422580087415, "Test perplexity": 36.23300017190206, "Number of parameters": 17259, "Trainable Parameters": 17259, "Non-Trainable Parameters": 0}
