{"graph_0": {"_type": "graph-file", "path": "media/graph/graph_0_summary_0d8e6a0f.graph.json", "sha256": "0d8e6a0f9624c76d4f5449821a61674d882c3d684444d4f6a4baafb8d8752264", "size": 1041}, "_timestamp": 1592155851.224431, "_step": 6, "_runtime": 3.382662534713745, "loss": 3.609224796295166, "Train perplexity": 38.021650914451655, "Validation perplexity": 34.734481254273426, "Test perplexity": 34.747980629962385, "Number of parameters": 17259, "Trainable Parameters": 17259, "Non-Trainable Parameters": 0}
