{"graph_0": {"_type": "graph-file", "path": "media/graph/graph_0_summary_914db07e.graph.json", "sha256": "914db07ea9801f699150cd89e7edc7ada3a5ad1c3704858f726aacd2eec7d44e", "size": 1041}, "_timestamp": 1592179787.7655337, "loss": 3.609224796295166, "_runtime": 3.3220255374908447, "_step": 6, "Train perplexity": 38.021650914451655, "Validation perplexity": 34.734481254273426, "Test perplexity": 34.747980629962385, "Number of parameters": 17259, "Trainable Parameters": 17259, "Non-Trainable Parameters": 0}
