{"graph_0": {"_type": "graph-file", "path": "media/graph/graph_0_summary_44a0f047.graph.json", "sha256": "44a0f047d50972c029d06a315ca43b124a3785b7a07259aa67cd70d8c9df375c", "size": 1040}, "_timestamp": 1592180049.8745642, "loss": 3.6972036361694336, "_runtime": 3.4412858486175537, "_step": 6, "Train perplexity": 37.57926763318507, "Validation perplexity": 33.41019505966069, "Test perplexity": 34.24312960252219, "Number of parameters": 17259, "Trainable Parameters": 17259, "Non-Trainable Parameters": 0}
