{"graph_0": {"_type": "graph-file", "path": "media/graph/graph_0_summary_d99b3cf2.graph.json", "sha256": "d99b3cf2f4c72108666da7452bde6913c31f09e2c5f3d701ee7b5071d3abf16b", "size": 1041}, "loss": 3.609224796295166, "_timestamp": 1592155498.6466682, "_runtime": 3.3106179237365723, "_step": 6, "Train perplexity": 38.021650914451655, "Validation perplexity": 34.734481254273426, "Test perplexity": 34.747980629962385, "Number of parameters": 17259, "Trainable Parameters": 17259, "Non-Trainable Parameters": 0}
