{"graph_0": {"_type": "graph-file", "path": "media/graph/graph_0_summary_2732b366.graph.json", "sha256": "2732b366dc0d0148946db996d1e766817457358f567d611998bb6d66025f1870", "size": 1041}, "_runtime": 3.393740653991699, "loss": 3.618637800216675, "_step": 6, "_timestamp": 1592148574.2987292, "Train perplexity": 38.08570797114628, "Validation perplexity": 35.08533671490517, "Test perplexity": 35.86014067310004, "Number of parameters": 17259, "Trainable Parameters": 17259, "Non-Trainable Parameters": 0}
