{"graph_0": {"_type": "graph-file", "path": "media/graph/graph_0_summary_970a0e24.graph.json", "sha256": "970a0e2421e5a9f985011bd275caf4e1664676366c0c5006bf5e4d9a35b670ac", "size": 1040}, "_timestamp": 1592146211.2148023, "_runtime": 4.433871507644653, "Train perplexity": 39.47903322046742, "_step": 5, "Validation perplexity": 34.157268554505244, "Test perplexity": 34.85568294179794, "Number of parameters": 17381, "Trainable Parameters": 17381, "Non-Trainable Parameters": 0}
