{"graph_0": {"_type": "graph-file", "path": "media/graph/graph_0_summary_58b7f066.graph.json", "sha256": "58b7f066bcc8854221da86e4b46287e4ee90cd7cf69989904af6e14af6039304", "size": 1040}, "_timestamp": 1592185193.0762358, "_runtime": 4.052120208740234, "loss": 3.6972036361694336, "_step": 6, "Train perplexity": 37.57926763318507, "Validation perplexity": 33.41019505966069, "Test perplexity": 34.24312960252219, "Number of parameters": 17259, "Trainable Parameters": 17259, "Non-Trainable Parameters": 0}
