{"graph_0": {"_type": "graph-file", "path": "media/graph/graph_0_summary_23632536.graph.json", "sha256": "23632536c3913ca85eb9f6f92db3d165b3bf51bfe3b3bc4c9f97969c6eb6c13f", "size": 1041}, "_runtime": 3.4140970706939697, "loss": 3.609224796295166, "_step": 6, "_timestamp": 1592154253.5601373, "Train perplexity": 38.021650914451655, "Validation perplexity": 34.734481254273426, "Test perplexity": 34.747980629962385, "Number of parameters": 17259, "Trainable Parameters": 17259, "Non-Trainable Parameters": 0}
