{"graph_0": {"_type": "graph-file", "path": "media/graph/graph_0_summary_78d149fb.graph.json", "sha256": "78d149fb537c0d0d1b80c80ef33cc1e5f1998d89c79503e07f37c2b70d119ea6", "size": 1041}, "loss": 3.618637800216675, "_timestamp": 1592152397.5709624, "_step": 6, "_runtime": 3.2714908123016357, "Train perplexity": 38.08570797114628, "Validation perplexity": 35.08533671490517, "Test perplexity": 35.86014067310004, "Number of parameters": 17259, "Trainable Parameters": 17259, "Non-Trainable Parameters": 0}
