{"graph_0": {"_type": "graph-file", "path": "media/graph/graph_0_summary_e5009ca5.graph.json", "sha256": "e5009ca52c9e9d48a9e3d69008f2125a312b69e0487f69f29bf33cd1cfb985ee", "size": 1041}, "_runtime": 3.3448052406311035, "_step": 6, "loss": 3.6586506366729736, "_timestamp": 1592179746.5434175, "Train perplexity": 38.70868655012809, "Validation perplexity": 36.44655971110582, "Test perplexity": 36.4186687679182, "Number of parameters": 17259, "Trainable Parameters": 17259, "Non-Trainable Parameters": 0}
