{"graph_0": {"_type": "graph-file", "path": "media/graph/graph_0_summary_667cb995.graph.json", "sha256": "667cb99599dd9ac2ee876fe355389c6254fec05a6f6133b4884d043d465909e9", "size": 1041}, "_runtime": 3.3967933654785156, "_timestamp": 1592155651.843591, "_step": 6, "loss": 3.609224796295166, "Train perplexity": 38.021650914451655, "Validation perplexity": 34.734481254273426, "Test perplexity": 34.747980629962385, "Number of parameters": 17259, "Trainable Parameters": 17259, "Non-Trainable Parameters": 0}
