{"graph_0": {"_type": "graph-file", "path": "media/graph/graph_0_summary_c8e7d745.graph.json", "sha256": "c8e7d7454376bbed6473993ca58cb8d36c4f9fb1b7757349f11ed95ee1c7da6b", "size": 1040}, "_runtime": 3.572462797164917, "_step": 6, "_timestamp": 1592189328.5731244, "loss": 3.667424201965332, "Train perplexity": 36.92892244734201, "Validation perplexity": 31.511658426796053, "Test perplexity": 32.637057859806525, "Number of parameters": 17259, "Trainable Parameters": 17259, "Non-Trainable Parameters": 0}
