{"graph_0": {"_type": "graph-file", "path": "media/graph/graph_0_summary_f58a0ca3.graph.json", "sha256": "f58a0ca323009b31a7538d0fb9776671f948c7d3fd047a1bba151fe4243998b9", "size": 1040}, "loss": 3.6972036361694336, "_step": 6, "_timestamp": 1592184329.8755827, "_runtime": 3.305640697479248, "Train perplexity": 37.57926763318507, "Validation perplexity": 33.41019505966069, "Test perplexity": 34.24312960252219, "Number of parameters": 17259, "Trainable Parameters": 17259, "Non-Trainable Parameters": 0}
