{"graph_0": {"_type": "graph-file", "path": "media/graph/graph_0_summary_75889b67.graph.json", "sha256": "75889b67974c3cbffd86e18b623b1bd6299bb573888617ffa7d9c6103898d7cd", "size": 1040}, "loss": 3.6972036361694336, "_timestamp": 1592180396.6250226, "_step": 6, "_runtime": 3.4084343910217285, "Train perplexity": 37.587366860314276, "Validation perplexity": 34.323750909824575, "Test perplexity": 35.02288655301217, "Number of parameters": 17259, "Trainable Parameters": 17259, "Non-Trainable Parameters": 0}
