{"graph_0": {"_type": "graph-file", "path": "media/graph/graph_0_summary_60aecbce.graph.json", "sha256": "60aecbce79564a8f408feaef55ca13280df7c9e3d5920e6804d3fbf09c7d2521", "size": 1040}, "_timestamp": 1592148210.3872168, "Train perplexity": 39.47903322046742, "_runtime": 3.463347911834717, "_step": 5, "Validation perplexity": 34.157268554505244, "Test perplexity": 34.85568294179794, "Number of parameters": 17381, "Trainable Parameters": 17381, "Non-Trainable Parameters": 0}
