{"graph_0": {"_type": "graph-file", "path": "media/graph/graph_0_summary_5da82a3a.graph.json", "sha256": "5da82a3ab01d37bc0bf888a51a5085c9732dd1f570c74fa3a0f3497ffcd75689", "size": 1041}, "loss": 3.609224796295166, "_step": 6, "_timestamp": 1592189577.2062962, "_runtime": 3.349332571029663, "Train perplexity": 38.021650914451655, "Validation perplexity": 34.734481254273426, "Test perplexity": 34.747980629962385, "Number of parameters": 17259, "Trainable Parameters": 17259, "Non-Trainable Parameters": 0}
