{"graph_0": {"_type": "graph-file", "path": "media/graph/graph_0_summary_6b117918.graph.json", "sha256": "6b1179185dc23f212d91fcbca7ebb97af84b5254d26f3d67978bc397204e6c4b", "size": 1041}, "_step": 6, "loss": 3.6586506366729736, "_timestamp": 1592157701.6230104, "_runtime": 3.3162636756896973, "Train perplexity": 38.77892652897448, "Validation perplexity": 36.257422580087415, "Test perplexity": 36.23300017190206, "Number of parameters": 17259, "Trainable Parameters": 17259, "Non-Trainable Parameters": 0}
