{"graph_0": {"_type": "graph-file", "path": "media/graph/graph_0_summary_302aef48.graph.json", "sha256": "302aef48ebdffc89c7e297a86ac96dbd11b9f9ab7f1607f2e8c5148296151773", "size": 1041}, "_runtime": 3.362701177597046, "loss": 3.609224796295166, "_timestamp": 1592155766.765742, "_step": 6, "Train perplexity": 38.021650914451655, "Validation perplexity": 34.734481254273426, "Test perplexity": 34.747980629962385, "Number of parameters": 17259, "Trainable Parameters": 17259, "Non-Trainable Parameters": 0}
