{"graph_0": {"_type": "graph-file", "path": "media/graph/graph_0_summary_34e49703.graph.json", "sha256": "34e49703b5bb1efc41ca6b44a6ebca98258117363682bdf750fb6afbb3d219d3", "size": 1040}, "_timestamp": 1592189002.3615627, "_runtime": 3.5060460567474365, "loss": 3.6972036361694336, "_step": 6, "Train perplexity": 37.57926763318507, "Validation perplexity": 33.41019505966069, "Test perplexity": 34.24312960252219, "Number of parameters": 17259, "Trainable Parameters": 17259, "Non-Trainable Parameters": 0}
