{"graph_0": {"_type": "graph-file", "path": "media/graph/graph_0_summary_619e8ac8.graph.json", "sha256": "619e8ac80a4bb37be8642d365594b2e146380de4a9a84059d1de6e61ff0c4269", "size": 1041}, "_runtime": 3.3918590545654297, "_step": 6, "_timestamp": 1592157242.9777954, "loss": 3.609224796295166, "Train perplexity": 38.021650914451655, "Validation perplexity": 34.734481254273426, "Test perplexity": 34.747980629962385, "Number of parameters": 17259, "Trainable Parameters": 17259, "Non-Trainable Parameters": 0}
