{"graph_0": {"_type": "graph-file", "path": "media/graph/graph_0_summary_e9c7fe7b.graph.json", "sha256": "e9c7fe7b07f050ec25a752da4dab6b2d01748753955a44ac16d5706853eef9b7", "size": 1041}, "loss": 3.609224796295166, "_runtime": 3.401566743850708, "_step": 6, "_timestamp": 1592157446.3618855, "Train perplexity": 38.021650914451655, "Validation perplexity": 34.734481254273426, "Test perplexity": 34.747980629962385, "Number of parameters": 17259, "Trainable Parameters": 17259, "Non-Trainable Parameters": 0}
