{"graph_0": {"_type": "graph-file", "path": "media/graph/graph_0_summary_27f9ce7e.graph.json", "sha256": "27f9ce7e94990d70494d06c8c746cd1302337c2bae33cfe382020d18273547d1", "size": 1040}, "Train perplexity": 37.86758034762577, "_timestamp": 1592146739.2662075, "_runtime": 4.970397710800171, "_step": 5, "Validation perplexity": 31.695511406807892, "Test perplexity": 32.14065603678284, "Number of parameters": 17381, "Trainable Parameters": 17381, "Non-Trainable Parameters": 0}
