{"graph_0": {"_type": "graph-file", "path": "media/graph/graph_0_summary_9dc33314.graph.json", "sha256": "9dc3331422f28ab27376c301b81a72555afc58efee0e6e70198fb3a6cd6ff71b", "size": 1040}, "loss": 3.6972036361694336, "_step": 6, "_timestamp": 1592180347.919153, "_runtime": 3.6755213737487793, "Train perplexity": 37.587366860314276, "Validation perplexity": 34.323750909824575, "Test perplexity": 35.02288655301217, "Number of parameters": 17259, "Trainable Parameters": 17259, "Non-Trainable Parameters": 0}
