{"graph_0": {"_type": "graph-file", "path": "media/graph/graph_0_summary_6133fd0c.graph.json", "sha256": "6133fd0c68dbb19bf7303bbd3b9ff0cc103a0bd7b45a73b0c230bbc37e989ed0", "size": 1040}, "_timestamp": 1592182636.4939914, "loss": 3.6972036361694336, "_runtime": 3.3504443168640137, "_step": 6, "Train perplexity": 37.57926763318507, "Validation perplexity": 33.41019505966069, "Test perplexity": 34.24312960252219, "Number of parameters": 17259, "Trainable Parameters": 17259, "Non-Trainable Parameters": 0}
