{"graph_0": {"_type": "graph-file", "path": "media/graph/graph_0_summary_4cda3b89.graph.json", "sha256": "4cda3b899c1313b556a7817b60b8bb981fdbd0620b042556262254facc3a1832", "size": 1040}, "Train perplexity": 39.16910225037125, "_runtime": 3.3284595012664795, "_step": 5, "_timestamp": 1592148298.2070787, "Validation perplexity": 34.10876532302958, "Test perplexity": 33.94470171651161, "Number of parameters": 17320, "Trainable Parameters": 17320, "Non-Trainable Parameters": 0}
