{"graph_0": {"_type": "graph-file", "path": "media/graph/graph_0_summary_50ec2e15.graph.json", "sha256": "50ec2e15e059efe24ef911cacf0345260565fc0b599cf71a0aba8c0c7c8168af", "size": 1040}, "_step": 6, "_runtime": 3.312952995300293, "_timestamp": 1592189156.2053883, "loss": 3.667424201965332, "Train perplexity": 36.92892244734201, "Validation perplexity": 31.511658426796053, "Test perplexity": 32.637057859806525, "Number of parameters": 17259, "Trainable Parameters": 17259, "Non-Trainable Parameters": 0}
