{"graph_0": {"_type": "graph-file", "path": "media/graph/graph_0_summary_31a02bcb.graph.json", "sha256": "31a02bcb6ed31817fd9fe9fb308f97048a8cb98cc4ae9d50469180be680a5258", "size": 1041}, "_runtime": 3.524430513381958, "loss": 3.609224796295166, "_timestamp": 1592156917.4531827, "_step": 6, "Train perplexity": 38.021650914451655, "Validation perplexity": 34.734481254273426, "Test perplexity": 34.747980629962385, "Number of parameters": 17259, "Trainable Parameters": 17259, "Non-Trainable Parameters": 0}
