{"graph_0": {"_type": "graph-file", "path": "media/graph/graph_0_summary_3827fcab.graph.json", "sha256": "3827fcab87578bfa7dd66f0a8826d88e68b9defdc43be3d3606d4e38f58910f4", "size": 1040}, "_timestamp": 1592185214.468713, "_runtime": 3.410787343978882, "loss": 3.6972036361694336, "_step": 6, "Train perplexity": 37.57926763318507, "Validation perplexity": 33.41019505966069, "Test perplexity": 34.24312960252219, "Number of parameters": 17259, "Trainable Parameters": 17259, "Non-Trainable Parameters": 0}
