{"graph_0": {"_type": "graph-file", "path": "media/graph/graph_0_summary_8554fd65.graph.json", "sha256": "8554fd65e813476193592abd6d7ed8157440810f6e55f8629bac23c1b9ba484f", "size": 1040}, "loss": 3.6972036361694336, "_timestamp": 1592180140.7996206, "_step": 6, "_runtime": 3.6792588233947754, "Train perplexity": 37.587366860314276, "Validation perplexity": 34.323750909824575, "Test perplexity": 35.02288655301217, "Number of parameters": 17259, "Trainable Parameters": 17259, "Non-Trainable Parameters": 0}
