{"graph_0": {"_type": "graph-file", "path": "media/graph/graph_0_summary_4d09094c.graph.json", "sha256": "4d09094c3a06ec4f6e813792acf6179bf76a6804507632e1d0c83196e8c8084f", "size": 1040}, "_timestamp": 1592180482.0976725, "_runtime": 3.335585594177246, "_step": 6, "loss": 3.6972036361694336, "Train perplexity": 37.57926763318507, "Validation perplexity": 33.41019505966069, "Test perplexity": 34.24312960252219, "Number of parameters": 17259, "Trainable Parameters": 17259, "Non-Trainable Parameters": 0}
