{"graph_0": {"_type": "graph-file", "path": "media/graph/graph_0_summary_b70ea91e.graph.json", "sha256": "b70ea91eb76f68587e77c7b7ef03f950f53c57d76a35e63e9a07facba7745963", "size": 1040}, "_step": 6, "loss": 3.6972036361694336, "_timestamp": 1592181741.5578668, "_runtime": 3.493746042251587, "Train perplexity": 37.57926763318507, "Validation perplexity": 33.41019505966069, "Test perplexity": 34.24312960252219, "Number of parameters": 17259, "Trainable Parameters": 17259, "Non-Trainable Parameters": 0}
