{"graph_0": {"_type": "graph-file", "path": "media/graph/graph_0_summary_6e96765e.graph.json", "sha256": "6e96765ea50346c2ee775519873e410e0d1b52e7ee9bfe1cc00c91e5047fac62", "size": 1041}, "_step": 6, "loss": 3.618637800216675, "_runtime": 3.456204652786255, "_timestamp": 1592149006.5122993, "Train perplexity": 38.08570797114628, "Validation perplexity": 35.08533671490517, "Test perplexity": 35.86014067310004, "Number of parameters": 17259, "Trainable Parameters": 17259, "Non-Trainable Parameters": 0}
