{"graph_0": {"_type": "graph-file", "path": "media/graph/graph_0_summary_c8b65c97.graph.json", "sha256": "c8b65c97f4000a94d325760f6d8a9bfce536bb96bc520e67bd52bc56e158f03e", "size": 1041}, "_timestamp": 1592156492.6468759, "loss": 3.609224796295166, "_runtime": 3.2422327995300293, "_step": 6, "Train perplexity": 38.021650914451655, "Validation perplexity": 34.734481254273426, "Test perplexity": 34.747980629962385, "Number of parameters": 17259, "Trainable Parameters": 17259, "Non-Trainable Parameters": 0}
