{"graph_0": {"_type": "graph-file", "path": "media/graph/graph_0_summary_c51aaa76.graph.json", "sha256": "c51aaa7666acf795c7c14d9b5f7170efb76a1b46c3b278154bdccd785a37cc8e", "size": 1041}, "_step": 6, "_timestamp": 1592149260.9575803, "loss": 3.618637800216675, "_runtime": 3.4700052738189697, "Train perplexity": 38.08570797114628, "Validation perplexity": 35.08533671490517, "Test perplexity": 35.86014067310004, "Number of parameters": 17259, "Trainable Parameters": 17259, "Non-Trainable Parameters": 0}
