{"graph_0": {"_type": "graph-file", "path": "media/graph/graph_0_summary_aef0e1f8.graph.json", "sha256": "aef0e1f86c6e557928ff49923fc9d1a8b3a52ad23422b5b2efcb839aa2dc0c3e", "size": 1041}, "_runtime": 3.3743398189544678, "loss": 3.609224796295166, "_step": 6, "_timestamp": 1592157039.141286, "Train perplexity": 38.021650914451655, "Validation perplexity": 34.734481254273426, "Test perplexity": 34.747980629962385, "Number of parameters": 17259, "Trainable Parameters": 17259, "Non-Trainable Parameters": 0}
