{"graph_0": {"_type": "graph-file", "path": "media/graph/graph_0_summary_35113695.graph.json", "sha256": "351136951a08d40b81670e316c173a85e4cc4815baab0872aaae84ed6a9df835", "size": 1040}, "_step": 6, "loss": 3.6972036361694336, "_runtime": 4.381678104400635, "_timestamp": 1592189048.4944468, "Train perplexity": 37.57926763318507, "Validation perplexity": 33.41019505966069, "Test perplexity": 34.24312960252219, "Number of parameters": 17259, "Trainable Parameters": 17259, "Non-Trainable Parameters": 0}
