{"graph_0": {"_type": "graph-file", "path": "media/graph/graph_0_summary_09e1323a.graph.json", "sha256": "09e1323abb66e867696a577633f7c3c723b257ba52e716b032ef59663be676d7", "size": 1041}, "loss": 3.609224796295166, "_timestamp": 1592156285.3333395, "_step": 6, "_runtime": 3.4990522861480713, "Train perplexity": 38.021650914451655, "Validation perplexity": 34.734481254273426, "Test perplexity": 34.747980629962385, "Number of parameters": 17259, "Trainable Parameters": 17259, "Non-Trainable Parameters": 0}
