{"graph_0": {"_type": "graph-file", "path": "media/graph/graph_0_summary_7b69fff2.graph.json", "sha256": "7b69fff2bad62d918846b06b9cff220de2f80513388bc50ddcee3e52d33b5c1b", "size": 1041}, "_step": 6, "loss": 3.609224796295166, "_timestamp": 1592154533.7988806, "_runtime": 3.8239619731903076, "Train perplexity": 38.021650914451655, "Validation perplexity": 34.734481254273426, "Test perplexity": 34.747980629962385, "Number of parameters": 17259, "Trainable Parameters": 17259, "Non-Trainable Parameters": 0}
