{"graph_0": {"_type": "graph-file", "path": "media/graph/graph_0_summary_03af0c80.graph.json", "sha256": "03af0c80c6136942d0ee3fdd6754c0bff2b793eba34bfaa69f29d6dd8f91e335", "size": 1041}, "_runtime": 3.399766206741333, "_timestamp": 1592189467.4852142, "loss": 3.609224796295166, "_step": 6, "Train perplexity": 38.021650914451655, "Validation perplexity": 34.734481254273426, "Test perplexity": 34.747980629962385, "Number of parameters": 17259, "Trainable Parameters": 17259, "Non-Trainable Parameters": 0}
