{"graph_0": {"_type": "graph-file", "path": "media/graph/graph_0_summary_3bec121c.graph.json", "sha256": "3bec121ce331041d23046e3bfae19625143eaa16392fcbbdc92d1c159fc6999e", "size": 1041}, "_timestamp": 1592155998.7150397, "loss": 3.624427556991577, "_step": 9, "_runtime": 3.4094221591949463, "Train perplexity": 38.021650914451655, "Validation perplexity": 34.734481254273426, "Test perplexity": 34.747980629962385, "Number of parameters": 17259, "Trainable Parameters": 17259, "Non-Trainable Parameters": 0}
