{"graph_0": {"_type": "graph-file", "path": "media/graph/graph_0_summary_4f596137.graph.json", "sha256": "4f5961374d85e085912fc4aec617d1a3b66e6316d88019087a662809af49b9fc", "size": 1040}, "loss": 3.6972036361694336, "_step": 6, "_runtime": 3.3098042011260986, "_timestamp": 1592184690.9523082, "Train perplexity": 37.57926763318507, "Validation perplexity": 33.41019505966069, "Test perplexity": 34.24312960252219, "Number of parameters": 17259, "Trainable Parameters": 17259, "Non-Trainable Parameters": 0}
