{"graph_0": {"_type": "graph-file", "path": "media/graph/graph_0_summary_a2264523.graph.json", "sha256": "a2264523ed9072469650be2b8ad19a664c1a0f6f9ccb2e2725a76390d04cbf2c", "size": 1040}, "_step": 6, "_runtime": 3.3978161811828613, "loss": 3.6972036361694336, "_timestamp": 1592189073.5360744, "Train perplexity": 37.57926763318507, "Validation perplexity": 33.41019505966069, "Test perplexity": 34.24312960252219, "Number of parameters": 17259, "Trainable Parameters": 17259, "Non-Trainable Parameters": 0}
