{"graph_0": {"_type": "graph-file", "path": "media/graph/graph_0_summary_dd041dff.graph.json", "sha256": "dd041dff6b9f2db63b8a7257a18e4f4dc116d2b51ecaef205f352095439e89e8", "size": 1040}, "_runtime": 3.35809326171875, "_step": 5, "_timestamp": 1592148232.5697298, "Train perplexity": 39.47903322046742, "Validation perplexity": 34.157268554505244, "Test perplexity": 34.85568294179794, "Number of parameters": 17381, "Trainable Parameters": 17381, "Non-Trainable Parameters": 0}
