{"graph_0": {"_type": "graph-file", "path": "media/graph/graph_0_summary_4ef082ee.graph.json", "sha256": "4ef082ee55d5d985035f231e4ce124f690046f4699e6a8c29784e0e8788cb469", "size": 1040}, "loss": 3.6972036361694336, "_runtime": 3.346454620361328, "_step": 6, "_timestamp": 1592184585.3574295, "Train perplexity": 37.57926763318507, "Validation perplexity": 33.41019505966069, "Test perplexity": 34.24312960252219, "Number of parameters": 17259, "Trainable Parameters": 17259, "Non-Trainable Parameters": 0}
