{"graph_0": {"_type": "graph-file", "path": "media/graph/graph_0_summary_a9bd6d02.graph.json", "sha256": "a9bd6d02e1b357d5630159d02ab1c8165c08bd3f3cc88ea1e50cf461c25357c7", "size": 1041}, "loss": 3.609224796295166, "_runtime": 3.32460618019104, "_step": 6, "_timestamp": 1592155435.3911622, "Train perplexity": 38.021650914451655, "Validation perplexity": 34.734481254273426, "Test perplexity": 34.747980629962385, "Number of parameters": 17259, "Trainable Parameters": 17259, "Non-Trainable Parameters": 0}
