{"graph_0": {"_type": "graph-file", "path": "media/graph/graph_0_summary_11c069cf.graph.json", "sha256": "11c069cfe47259cb5359c96567d69645dca9ed7de0064ee1a5f85e342960a701", "size": 1040}, "_runtime": 3.354032278060913, "loss": 3.6972036361694336, "_step": 6, "_timestamp": 1592180529.9819055, "Train perplexity": 37.455845137859285, "Validation perplexity": 32.965262026901094, "Test perplexity": 33.86272975122805, "Number of parameters": 17259, "Trainable Parameters": 17259, "Non-Trainable Parameters": 0}
