{"graph_0": {"_type": "graph-file", "path": "media/graph/graph_0_summary_cc324a63.graph.json", "sha256": "cc324a635b54868dbc2c9727d581831aa548ec5d4d4f8b37b6d3484af1e35514", "size": 1040}, "_runtime": 3.495577335357666, "_step": 6, "loss": 3.6972036361694336, "_timestamp": 1592185249.2771742, "Train perplexity": 37.57926763318507, "Validation perplexity": 33.41019505966069, "Test perplexity": 34.24312960252219, "Number of parameters": 17259, "Trainable Parameters": 17259, "Non-Trainable Parameters": 0}
