{"graph_0": {"_type": "graph-file", "path": "media/graph/graph_0_summary_7d2f78a7.graph.json", "sha256": "7d2f78a7347be9de9e8a4c34bdb3e958a480e1dc3fd4680db31b6f73eab50a86", "size": 1041}, "_timestamp": 1592156216.1624744, "_step": 6, "_runtime": 3.436014413833618, "loss": 3.609224796295166, "Train perplexity": 38.021650914451655, "Validation perplexity": 34.734481254273426, "Test perplexity": 34.747980629962385, "Number of parameters": 17259, "Trainable Parameters": 17259, "Non-Trainable Parameters": 0}
