{"graph_0": {"_type": "graph-file", "path": "media/graph/graph_0_summary_81394ecc.graph.json", "sha256": "81394ecc399b32ba720e4c0db4a6683cd7a0a77dbfc2711e7dcaebf33bacef6c", "size": 1040}, "loss": 3.6972036361694336, "_runtime": 3.3999130725860596, "_timestamp": 1592185449.7983396, "_step": 6, "Train perplexity": 37.57926763318507, "Validation perplexity": 33.41019505966069, "Test perplexity": 34.24312960252219, "Number of parameters": 17259, "Trainable Parameters": 17259, "Non-Trainable Parameters": 0}
