{"graph_0": {"_type": "graph-file", "path": "media/graph/graph_0_summary_3652c7b7.graph.json", "sha256": "3652c7b73d7ee175e67498d0535d5832b4ea2a5606917eb505a980e823c91174", "size": 1041}, "_runtime": 3.4927382469177246, "loss": 3.609224796295166, "_step": 6, "_timestamp": 1592189511.0344422, "Train perplexity": 38.021650914451655, "Validation perplexity": 34.734481254273426, "Test perplexity": 34.747980629962385, "Number of parameters": 17259, "Trainable Parameters": 17259, "Non-Trainable Parameters": 0}
