{"graph_0": {"_type": "graph-file", "path": "media/graph/graph_0_summary_ef1423a9.graph.json", "sha256": "ef1423a94be782df707c8cbcf12be2daa3e28a107e0b0b46baf7a5a51874d0f5", "size": 1040}, "loss": 3.6972036361694336, "_runtime": 3.490462303161621, "_timestamp": 1592185105.878312, "_step": 6, "Train perplexity": 37.57926763318507, "Validation perplexity": 33.41019505966069, "Test perplexity": 34.24312960252219, "Number of parameters": 17259, "Trainable Parameters": 17259, "Non-Trainable Parameters": 0}
