{"graph_0": {"_type": "graph-file", "path": "media/graph/graph_0_summary_2b9126ff.graph.json", "sha256": "2b9126ffe961efb94691a6f312907ebfc27ca961f1368f46afbed9c1f9cd527f", "size": 1041}, "loss": 3.609224796295166, "_runtime": 3.9910895824432373, "_timestamp": 1592189395.2131062, "_step": 6, "Train perplexity": 38.021650914451655, "Validation perplexity": 34.734481254273426, "Test perplexity": 34.747980629962385, "Number of parameters": 17259, "Trainable Parameters": 17259, "Non-Trainable Parameters": 0}
