{"graph_0": {"_type": "graph-file", "path": "media/graph/graph_0_summary_76826120.graph.json", "sha256": "76826120b0c2a1ccdf39ad11e2da3857d20b9fe08b990028543bb3f4dc6f3522", "size": 1041}, "_runtime": 3.3293533325195312, "loss": 3.609224796295166, "_step": 6, "_timestamp": 1592156992.98363, "Train perplexity": 38.021650914451655, "Validation perplexity": 34.734481254273426, "Test perplexity": 34.747980629962385, "Number of parameters": 17259, "Trainable Parameters": 17259, "Non-Trainable Parameters": 0}
