{"graph_0": {"_type": "graph-file", "path": "media/graph/graph_0_summary_2af43e10.graph.json", "sha256": "2af43e10da27e1091fdda41f042d8726440825f7cd5b0ac0f2c1caa316404064", "size": 1040}, "_timestamp": 1592184657.8021057, "loss": 3.6972036361694336, "_runtime": 3.76493501663208, "_step": 6, "Train perplexity": 37.57926763318507, "Validation perplexity": 33.41019505966069, "Test perplexity": 34.24312960252219, "Number of parameters": 17259, "Trainable Parameters": 17259, "Non-Trainable Parameters": 0}
