{"graph_0": {"_type": "graph-file", "path": "media/graph/graph_0_summary_92225aad.graph.json", "sha256": "92225aad757a9c7ee42dbbb2581f33bf447e5a51b2e6de5d0453bdbdf7f944c0", "size": 1041}, "_runtime": 3.485138177871704, "loss": 3.6769063472747803, "_step": 6, "_timestamp": 1592154147.2185183, "Train perplexity": 40.06754754783978, "Validation perplexity": 36.92653099127048, "Test perplexity": 37.02721914781875, "Number of parameters": 17381, "Trainable Parameters": 17381, "Non-Trainable Parameters": 0}
