{"graph_0": {"_type": "graph-file", "path": "media/graph/graph_0_summary_a707b54e.graph.json", "sha256": "a707b54ec2704e75704d23f27131ee206c5a4a86f7315bed66b3a9372ab13d03", "size": 1040}, "_timestamp": 1592147574.8758373, "Train perplexity": 37.86758034762577, "_step": 5, "_runtime": 3.5785765647888184, "Validation perplexity": 31.695511406807892, "Test perplexity": 32.14065603678284, "Number of parameters": 17381, "Trainable Parameters": 17381, "Non-Trainable Parameters": 0}
