{"graph_0": {"_type": "graph-file", "path": "media/graph/graph_0_summary_58f7a40e.graph.json", "sha256": "58f7a40e068b4b59b729c576f03e74566756defe8a2eec59d2e3d8275c1e49b2", "size": 1041}, "_step": 6, "_timestamp": 1592152253.6446488, "loss": 3.618637800216675, "_runtime": 3.486470937728882, "Train perplexity": 38.08570797114628, "Validation perplexity": 35.08533671490517, "Test perplexity": 35.86014067310004, "Number of parameters": 17259, "Trainable Parameters": 17259, "Non-Trainable Parameters": 0}
