{"graph_0": {"_type": "graph-file", "path": "media/graph/graph_0_summary_51909e9a.graph.json", "sha256": "51909e9add8ec66598de04389e0527e22e91543b7fc5f4e5e45f6c30972ec318", "size": 1041}, "_timestamp": 1592189133.6354141, "_runtime": 3.331202507019043, "_step": 6, "loss": 3.609224796295166, "Train perplexity": 38.021650914451655, "Validation perplexity": 34.734481254273426, "Test perplexity": 34.747980629962385, "Number of parameters": 17259, "Trainable Parameters": 17259, "Non-Trainable Parameters": 0}
