{"graph_0": {"_type": "graph-file", "path": "media/graph/graph_0_summary_6fe50cca.graph.json", "sha256": "6fe50cca26461e1ec4592380cc8df2eda387478421a9411a233ca99f5c85ec24", "size": 1041}, "_timestamp": 1592157076.1762505, "loss": 3.609224796295166, "_step": 6, "_runtime": 3.3076584339141846, "Train perplexity": 38.021650914451655, "Validation perplexity": 34.734481254273426, "Test perplexity": 34.747980629962385, "Number of parameters": 17259, "Trainable Parameters": 17259, "Non-Trainable Parameters": 0}
