{"graph_0": {"_type": "graph-file", "path": "media/graph/graph_0_summary_b759bee0.graph.json", "sha256": "b759bee08f1dc892780cff4437e203c43b628ab8bbee2ecee4cc7d00dce165e5", "size": 1041}, "_step": 6, "_timestamp": 1592157600.5620708, "loss": 3.6586506366729736, "_runtime": 3.2956466674804688, "Train perplexity": 38.77892652897448, "Validation perplexity": 36.257422580087415, "Test perplexity": 36.23300017190206, "Number of parameters": 17259, "Trainable Parameters": 17259, "Non-Trainable Parameters": 0}
