{"graph_0": {"_type": "graph-file", "path": "media/graph/graph_0_summary_102b663a.graph.json", "sha256": "102b663a1fd1a18145ace95d5e9a58e26abfcba0da3c424519060c30033290eb", "size": 1041}, "_runtime": 3.306640386581421, "_step": 6, "loss": 3.609224796295166, "_timestamp": 1592156418.6464334, "Train perplexity": 38.021650914451655, "Validation perplexity": 34.734481254273426, "Test perplexity": 34.747980629962385, "Number of parameters": 17259, "Trainable Parameters": 17259, "Non-Trainable Parameters": 0}
