{"graph_0": {"_type": "graph-file", "path": "media/graph/graph_0_summary_80396046.graph.json", "sha256": "80396046450daccdd49ef28b3add7ed5fea81ae165532d83af0d38455842a704", "size": 1040}, "Train perplexity": 39.47903322046742, "_runtime": 3.438096046447754, "_step": 5, "_timestamp": 1592144396.8778913, "Validation perplexity": 34.157268554505244, "Test perplexity": 34.85568294179794, "Number of parameters": 17381, "Trainable Parameters": 17381, "Non-Trainable Parameters": 0}
