{"graph_0": {"_type": "graph-file", "path": "media/graph/graph_0_summary_3b95e381.graph.json", "sha256": "3b95e381d4525a69ab3625d0188d8007fb4566d91f08e0e6b07a25c096fef011", "size": 1041}, "_step": 6, "loss": 3.609224796295166, "_runtime": 3.50838565826416, "_timestamp": 1592155876.8332806, "Train perplexity": 38.021650914451655, "Validation perplexity": 34.734481254273426, "Test perplexity": 34.747980629962385, "Number of parameters": 17259, "Trainable Parameters": 17259, "Non-Trainable Parameters": 0}
