{"graph_0": {"_type": "graph-file", "path": "media/graph/graph_0_summary_78791cf2.graph.json", "sha256": "78791cf22102572b8b0ebd27a8f77f57e4857963d15eb9954a85adb831db9019", "size": 1041}, "_runtime": 3.34995698928833, "loss": 3.609224796295166, "_timestamp": 1592157552.2322462, "_step": 6, "Train perplexity": 38.021650914451655, "Validation perplexity": 34.734481254273426, "Test perplexity": 34.747980629962385, "Number of parameters": 17259, "Trainable Parameters": 17259, "Non-Trainable Parameters": 0}
