{"graph_0": {"_type": "graph-file", "path": "media/graph/graph_0_summary_7c0eff06.graph.json", "sha256": "7c0eff066e3363264eb1da43c8613811bf941d640732fab587b53fb10a77f2ae", "size": 1041}, "_timestamp": 1592157301.8822784, "loss": 3.609224796295166, "_runtime": 3.265012264251709, "_step": 6, "Train perplexity": 38.021650914451655, "Validation perplexity": 34.734481254273426, "Test perplexity": 34.747980629962385, "Number of parameters": 17259, "Trainable Parameters": 17259, "Non-Trainable Parameters": 0}
