{"graph_0": {"_type": "graph-file", "path": "media/graph/graph_0_summary_1e36b96f.graph.json", "sha256": "1e36b96f5a230869499daf51adbd7352ea923c54b2650a7056cef5970a791a9a", "size": 1041}, "_runtime": 3.293818235397339, "_timestamp": 1592156546.4953732, "_step": 6, "loss": 3.609224796295166, "Train perplexity": 38.021650914451655, "Validation perplexity": 34.734481254273426, "Test perplexity": 34.747980629962385, "Number of parameters": 17259, "Trainable Parameters": 17259, "Non-Trainable Parameters": 0}
