{"graph_0": {"_type": "graph-file", "path": "media/graph/graph_0_summary_84b13caa.graph.json", "sha256": "84b13caad21e8754408bdf4ad7bd20ae104f031123b8a0027af8107862fa1a7a", "size": 1041}, "_step": 6, "_runtime": 3.2612497806549072, "_timestamp": 1592156160.8927772, "loss": 3.609224796295166, "Train perplexity": 38.021650914451655, "Validation perplexity": 34.734481254273426, "Test perplexity": 34.747980629962385, "Number of parameters": 17259, "Trainable Parameters": 17259, "Non-Trainable Parameters": 0}
