{"graph_0": {"_type": "graph-file", "path": "media/graph/graph_0_summary_e6b43b42.graph.json", "sha256": "e6b43b42558e28242db9bbe6dd4b3ed2c33ff68519842b11306f7fa221e39d03", "size": 1041}, "_timestamp": 1592155795.649222, "loss": 3.609224796295166, "_step": 6, "_runtime": 3.2912142276763916, "Train perplexity": 38.021650914451655, "Validation perplexity": 34.734481254273426, "Test perplexity": 34.747980629962385, "Number of parameters": 17259, "Trainable Parameters": 17259, "Non-Trainable Parameters": 0}
