{"graph_0": {"_type": "graph-file", "path": "media/graph/graph_0_summary_a690c6b1.graph.json", "sha256": "a690c6b1a75e031af4516775b2ed1ca07fba8abe2c118c9062c3ffc5d32997a3", "size": 1041}, "_runtime": 3.429074764251709, "_step": 6, "_timestamp": 1592189426.9885156, "loss": 3.609224796295166, "Train perplexity": 38.021650914451655, "Validation perplexity": 34.734481254273426, "Test perplexity": 34.747980629962385, "Number of parameters": 17259, "Trainable Parameters": 17259, "Non-Trainable Parameters": 0}
