{"graph_0": {"_type": "graph-file", "path": "media/graph/graph_0_summary_a4d829ab.graph.json", "sha256": "a4d829abb00b69405c9f5fcde8a5df453c48b84b977c7e62bb6f9c9177c3c6ec", "size": 1040}, "loss": 3.6972036361694336, "_runtime": 3.3870205879211426, "_timestamp": 1592182576.7147548, "_step": 6, "Train perplexity": 37.57926763318507, "Validation perplexity": 33.41019505966069, "Test perplexity": 34.24312960252219, "Number of parameters": 17259, "Trainable Parameters": 17259, "Non-Trainable Parameters": 0}
