{"graph_0": {"_type": "graph-file", "path": "media/graph/graph_0_summary_bf930120.graph.json", "sha256": "bf930120db05db21679ef000b992a6f869afe8cd8e4b659c0e8d1bbe330b0620", "size": 1040}, "_timestamp": 1592148348.8045852, "Train perplexity": 37.3503459965765, "_runtime": 3.3424689769744873, "_step": 5, "Validation perplexity": 32.268641806361295, "Test perplexity": 32.51393968205205, "Number of parameters": 17259, "Trainable Parameters": 17259, "Non-Trainable Parameters": 0}
