{"graph_0": {"_type": "graph-file", "path": "media/graph/graph_0_summary_2d29593d.graph.json", "sha256": "2d29593d2916199d93af87dbde72b1e0fab19bbe728fd415943fca62fca7d7c3", "size": 1040}, "loss": 3.6972036361694336, "_runtime": 3.408831834793091, "_timestamp": 1592184839.079569, "_step": 6, "Train perplexity": 37.57926763318507, "Validation perplexity": 33.41019505966069, "Test perplexity": 34.24312960252219, "Number of parameters": 17259, "Trainable Parameters": 17259, "Non-Trainable Parameters": 0}
