{"graph_0": {"_type": "graph-file", "path": "media/graph/graph_0_summary_bf00add7.graph.json", "sha256": "bf00add7db3f6e2229bccf4caa4caf2cbef133bd985cac747a3ca8b5fe9602a9", "size": 1041}, "_runtime": 3.458496570587158, "loss": 3.609224796295166, "_timestamp": 1592157487.1723342, "_step": 6, "Train perplexity": 38.021650914451655, "Validation perplexity": 34.734481254273426, "Test perplexity": 34.747980629962385, "Number of parameters": 17259, "Trainable Parameters": 17259, "Non-Trainable Parameters": 0}
