{"graph_0": {"_type": "graph-file", "path": "media/graph/graph_0_summary_4a4fe3cf.graph.json", "sha256": "4a4fe3cfb3af0c8bc3089a18081a073ca6a6c7caf61a2f4b8629dbf203892279", "size": 1041}, "_runtime": 3.3461711406707764, "loss": 3.624427556991577, "_timestamp": 1592155933.6975207, "_step": 9, "Train perplexity": 38.021650914451655, "Validation perplexity": 34.734481254273426, "Test perplexity": 34.747980629962385, "Number of parameters": 17259, "Trainable Parameters": 17259, "Non-Trainable Parameters": 0}
