{"graph_0": {"_type": "graph-file", "path": "media/graph/graph_0_summary_afc798e7.graph.json", "sha256": "afc798e79cc59483c8993020aa4ca5e727a85310767f2623efd68c9b06e51e4d", "size": 1040}, "loss": 3.6972036361694336, "_timestamp": 1592188933.671881, "_runtime": 3.3914079666137695, "_step": 6, "Train perplexity": 37.57926763318507, "Validation perplexity": 33.41019505966069, "Test perplexity": 34.24312960252219, "Number of parameters": 17259, "Trainable Parameters": 17259, "Non-Trainable Parameters": 0}
