{"graph_0": {"_type": "graph-file", "path": "media/graph/graph_0_summary_7a4e680c.graph.json", "sha256": "7a4e680c100868db62a29322cf696b310031c3f135f58d48f1c2db5107ca5b39", "size": 1041}, "_timestamp": 1592189111.95748, "loss": 3.6586506366729736, "_runtime": 3.4235424995422363, "_step": 6, "Train perplexity": 38.77892652897448, "Validation perplexity": 36.257422580087415, "Test perplexity": 36.23300017190206, "Number of parameters": 17259, "Trainable Parameters": 17259, "Non-Trainable Parameters": 0}
