{"graph_0": {"_type": "graph-file", "path": "media/graph/graph_0_summary_d6e024aa.graph.json", "sha256": "d6e024aa22ca4f993088e9db6a05fd070106017747ee8cd587f2150d6a531bf5", "size": 1041}, "_step": 6, "loss": 3.6586506366729736, "_timestamp": 1592160726.2447436, "_runtime": 3.6226727962493896, "Train perplexity": 38.70868655012809, "Validation perplexity": 36.44655971110582, "Test perplexity": 36.4186687679182, "Number of parameters": 17259, "Trainable Parameters": 17259, "Non-Trainable Parameters": 0}
