{"graph_0": {"_type": "graph-file", "path": "media/graph/graph_0_summary_d19bfa1d.graph.json", "sha256": "d19bfa1db6b35e249fe3b08c35fe0690414ed88b92424acb1414f8fab1b2a454", "size": 1041}, "loss": 3.6586506366729736, "_runtime": 3.2728428840637207, "_step": 6, "_timestamp": 1592179664.741954, "Train perplexity": 38.77892652897448, "Validation perplexity": 36.257422580087415, "Test perplexity": 36.23300017190206, "Number of parameters": 17259, "Trainable Parameters": 17259, "Non-Trainable Parameters": 0}
