{"graph_0": {"_type": "graph-file", "path": "media/graph/graph_0_summary_ebc08113.graph.json", "sha256": "ebc08113fbac1544428c7ba9b717d5dc3d16a26ff2b80e816fda84034e2be5de", "size": 1041}, "_step": 6, "_runtime": 3.5408072471618652, "loss": 3.6586506366729736, "_timestamp": 1592179700.8673303, "Train perplexity": 38.70868655012809, "Validation perplexity": 36.44655971110582, "Test perplexity": 36.4186687679182, "Number of parameters": 17259, "Trainable Parameters": 17259, "Non-Trainable Parameters": 0}
