{"graph_0": {"_type": "graph-file", "path": "media/graph/graph_0_summary_905d53e1.graph.json", "sha256": "905d53e1ad924203436fe933bef42ffe83408a6b9c74de2299c181e26ea9b79a", "size": 1041}, "_runtime": 3.5549066066741943, "loss": 3.609224796295166, "_step": 6, "_timestamp": 1592156621.3529732, "Train perplexity": 38.021650914451655, "Validation perplexity": 34.734481254273426, "Test perplexity": 34.747980629962385, "Number of parameters": 17259, "Trainable Parameters": 17259, "Non-Trainable Parameters": 0}
