{"graph_0": {"_type": "graph-file", "path": "media/graph/graph_0_summary_ec370507.graph.json", "sha256": "ec370507872fcb91ab54219e7dd938d41b4e1890a5fc62f6a22597eb93211758", "size": 1041}, "_runtime": 3.4688823223114014, "_timestamp": 1592155345.9610336, "_step": 6, "loss": 3.609224796295166, "Train perplexity": 38.021650914451655, "Validation perplexity": 34.734481254273426, "Test perplexity": 34.747980629962385, "Number of parameters": 17259, "Trainable Parameters": 17259, "Non-Trainable Parameters": 0}
