{"graph_0": {"_type": "graph-file", "path": "media/graph/graph_0_summary_cbaeffc7.graph.json", "sha256": "cbaeffc75141df55d25e11a12ba1df4e58e38defc495d49561e71eb4af56b8a3", "size": 1040}, "_timestamp": 1592182549.2236722, "_runtime": 3.411802053451538, "loss": 3.6972036361694336, "_step": 6, "Train perplexity": 37.57926763318507, "Validation perplexity": 33.41019505966069, "Test perplexity": 34.24312960252219, "Number of parameters": 17259, "Trainable Parameters": 17259, "Non-Trainable Parameters": 0}
