{"graph_0": {"_type": "graph-file", "path": "media/graph/graph_0_summary_9b724cdc.graph.json", "sha256": "9b724cdcb53579cf69ee6c7dade6873c65a5adc9b1666b4eaa161dc2c152761b", "size": 1040}, "_runtime": 3.3321123123168945, "_step": 6, "loss": 3.6972036361694336, "_timestamp": 1592185361.5165973, "Train perplexity": 37.57926763318507, "Validation perplexity": 33.41019505966069, "Test perplexity": 34.24312960252219, "Number of parameters": 17259, "Trainable Parameters": 17259, "Non-Trainable Parameters": 0}
