{"graph_0": {"_type": "graph-file", "path": "media/graph/graph_0_summary_897c205c.graph.json", "sha256": "897c205c72567c16fa6f9891f780370d5233d501a873de948b47163e65432aee", "size": 1041}, "loss": 3.609224796295166, "_step": 6, "_runtime": 3.526492118835449, "_timestamp": 1592156811.0157957, "Train perplexity": 38.021650914451655, "Validation perplexity": 34.734481254273426, "Test perplexity": 34.747980629962385, "Number of parameters": 17259, "Trainable Parameters": 17259, "Non-Trainable Parameters": 0}
