{"graph_0": {"_type": "graph-file", "path": "media/graph/graph_0_summary_16ace454.graph.json", "sha256": "16ace454060af06e17b9b722d56248adf46532fbe96435517419794a9dc585aa", "size": 1041}, "loss": 3.609224796295166, "_step": 6, "_timestamp": 1592157215.809782, "_runtime": 3.3083784580230713, "Train perplexity": 38.021650914451655, "Validation perplexity": 34.734481254273426, "Test perplexity": 34.747980629962385, "Number of parameters": 17259, "Trainable Parameters": 17259, "Non-Trainable Parameters": 0}
