{"graph_0": {"_type": "graph-file", "path": "media/graph/graph_0_summary_a4ba9666.graph.json", "sha256": "a4ba9666e186c1e513c5a8cd330c6b2169cbc40053da5574d23de18c80cf97ad", "size": 1040}, "loss": 3.6972036361694336, "_step": 6, "_runtime": 3.420893669128418, "_timestamp": 1592179821.1668553, "Train perplexity": 37.587366860314276, "Validation perplexity": 34.323750909824575, "Test perplexity": 35.02288655301217, "Number of parameters": 17259, "Trainable Parameters": 17259, "Non-Trainable Parameters": 0}
