{"graph_0": {"_type": "graph-file", "path": "media/graph/graph_0_summary_228bd105.graph.json", "sha256": "228bd1056e00861c73f9e321e783ab743d0b2ce6b6f7ad42faed20885f5c2e33", "size": 1041}, "_runtime": 3.4235408306121826, "_step": 6, "loss": 3.6586506366729736, "_timestamp": 1592157901.1976082, "Train perplexity": 38.77892652897448, "Validation perplexity": 36.257422580087415, "Test perplexity": 36.23300017190206, "Number of parameters": 17259, "Trainable Parameters": 17259, "Non-Trainable Parameters": 0}
