{"graph_0": {"_type": "graph-file", "path": "media/graph/graph_0_summary_f1c09ccc.graph.json", "sha256": "f1c09ccc4c64859eb63e98cbb616a7317e129c97d6a13c41dc06209b97cf7858", "size": 1040}, "_runtime": 3.353226661682129, "loss": 3.6972036361694336, "_step": 6, "_timestamp": 1592179976.329326, "Train perplexity": 37.587366860314276, "Validation perplexity": 34.323750909824575, "Test perplexity": 35.02288655301217, "Number of parameters": 17259, "Trainable Parameters": 17259, "Non-Trainable Parameters": 0}
