{"graph_0": {"_type": "graph-file", "path": "media/graph/graph_0_summary_71f1b7c3.graph.json", "sha256": "71f1b7c31cec00af2dedfb1785aab86de00ab77af17fe26e8da323dacfbb4ae9", "size": 1041}, "loss": 3.618637800216675, "_runtime": 3.4061837196350098, "_timestamp": 1592149105.910691, "_step": 6, "Train perplexity": 38.08570797114628, "Validation perplexity": 35.08533671490517, "Test perplexity": 35.86014067310004, "Number of parameters": 17259, "Trainable Parameters": 17259, "Non-Trainable Parameters": 0}
